﻿[{"type":"Folder","path":"/source/tmp/file/","metahash":"kbBSRaxNQOvaX3+elPRA4YZDHubou7TqYNZ+LHJtWoo=","metasize":158,"metablockhash":"kbBSRaxNQOvaX3+elPRA4YZDHubou7TqYNZ+LHJtWoo="},{"type":"Folder","path":"/source/tmp/file/scripts/","metahash":"kbBSRaxNQOvaX3+elPRA4YZDHubou7TqYNZ+LHJtWoo=","metasize":158,"metablockhash":"kbBSRaxNQOvaX3+elPRA4YZDHubou7TqYNZ+LHJtWoo="},{"type":"File","path":"/source/tmp/file/scripts/cleanup_cacti.sh","hash":"0UXd2cel3OT5qm9ZEyNXDBTaKmsh/bp8Z4JgSTFle2E=","size":685,"time":"20240914T153012Z","metahash":"TE+XIzalE6szGw9BhYSCbSfRl7KF2q8wbxEaCTyfPVE=","metasize":147}]